<metadata xml:lang="en"><Esri><CreaDate>20120508</CreaDate><CreaTime>16144100</CreaTime><ArcGISFormat>1.0</ArcGISFormat><SyncOnce>FALSE</SyncOnce><DataProperties><lineage><Process ToolSource="c:\program files (x86)\arcgis\desktop10.1\ArcToolbox\Toolboxes\Data Management Tools.tbx\CreateFeatureclass" Date="20120508" Time="161441">CreateFeatureclass C:\Data\arcgisserver\Python\HarvestedData\DataStore.gdb Earthquakes1970 POINT # DISABLED DISABLED "GEOGCS['GCS_WGS_1984',DATUM['D_WGS_1984',SPHEROID['WGS_1984',6378137.0,298.257223563]],PRIMEM['Greenwich',0.0],UNIT['Degree',0.0174532925199433]];-400 -400 1000000000;-100000 10000;-100000 10000;8.98315284119522E-09;0.001;0.001;IsHighPrecision" # 0 0 0</Process><Process ToolSource="c:\program files (x86)\arcgis\desktop10.1\ArcToolbox\Toolboxes\Data Management Tools.tbx\AddField" Date="20120508" Time="161441">AddField C:\Data\arcgisserver\Python\HarvestedData\DataStore.gdb\Earthquakes1970 Tsu TEXT # # 255 Tsunami NULLABLE NON_REQUIRED #</Process><Process ToolSource="c:\program files (x86)\arcgis\desktop10.1\ArcToolbox\Toolboxes\Data Management Tools.tbx\AddField" Date="20120508" Time="161442">AddField C:\Data\arcgisserver\Python\HarvestedData\DataStore.gdb\Earthquakes1970 Name TEXT # # 255 Name NULLABLE NON_REQUIRED #</Process><Process ToolSource="c:\program files (x86)\arcgis\desktop10.1\ArcToolbox\Toolboxes\Data Management Tools.tbx\AddField" Date="20120508" Time="161442">AddField C:\Data\arcgisserver\Python\HarvestedData\DataStore.gdb\Earthquakes1970 Latitude DOUBLE # # 0 Latitude NULLABLE NON_REQUIRED #</Process><Process ToolSource="c:\program files (x86)\arcgis\desktop10.1\ArcToolbox\Toolboxes\Data Management Tools.tbx\AddField" Date="20120508" Time="161443">AddField C:\Data\arcgisserver\Python\HarvestedData\DataStore.gdb\Earthquakes1970 Longitude DOUBLE # # 0 Longitude NULLABLE NON_REQUIRED #</Process><Process ToolSource="c:\program files (x86)\arcgis\desktop10.1\ArcToolbox\Toolboxes\Data Management Tools.tbx\AddField" Date="20120508" Time="161443">AddField C:\Data\arcgisserver\Python\HarvestedData\DataStore.gdb\Earthquakes1970 Focal DOUBLE # # 0 Focal NULLABLE NON_REQUIRED #</Process><Process ToolSource="c:\program files (x86)\arcgis\desktop10.1\ArcToolbox\Toolboxes\Data Management Tools.tbx\AddField" Date="20120508" Time="161444">AddField C:\Data\arcgisserver\Python\HarvestedData\DataStore.gdb\Earthquakes1970 Magnitude DOUBLE # # 0 Magnitude NULLABLE NON_REQUIRED #</Process><Process ToolSource="c:\program files (x86)\arcgis\desktop10.1\ArcToolbox\Toolboxes\Data Management Tools.tbx\AddField" Date="20120508" Time="161444">AddField C:\Data\arcgisserver\Python\HarvestedData\DataStore.gdb\Earthquakes1970 Num_Deaths DOUBLE # # 0 "Number of Deaths" NULLABLE NON_REQUIRED #</Process><Process ToolSource="c:\program files (x86)\arcgis\desktop10.1\ArcToolbox\Toolboxes\Data Management Tools.tbx\AddField" Date="20120508" Time="161445">AddField C:\Data\arcgisserver\Python\HarvestedData\DataStore.gdb\Earthquakes1970 Num_Injured DOUBLE # # 0 "Number of Injured People" NULLABLE NON_REQUIRED #</Process><Process ToolSource="c:\program files (x86)\arcgis\desktop10.1\ArcToolbox\Toolboxes\Data Management Tools.tbx\AddField" Date="20120508" Time="161446">AddField C:\Data\arcgisserver\Python\HarvestedData\DataStore.gdb\Earthquakes1970 Mill_Damages DOUBLE # # 0 "Damages (Million$)" NULLABLE NON_REQUIRED #</Process><Process ToolSource="c:\program files (x86)\arcgis\desktop10.1\ArcToolbox\Toolboxes\Data Management Tools.tbx\AddField" Date="20120508" Time="161446">AddField C:\Data\arcgisserver\Python\HarvestedData\DataStore.gdb\Earthquakes1970 Num_Houses_Dest DOUBLE # # 0 "Houses Destroyed" NULLABLE NON_REQUIRED #</Process><Process ToolSource="c:\program files (x86)\arcgis\desktop10.1\ArcToolbox\Toolboxes\Data Management Tools.tbx\AddField" Date="20120508" Time="161447">AddField C:\Data\arcgisserver\Python\HarvestedData\DataStore.gdb\Earthquakes1970 Num_Houses_Dam DOUBLE # # 0 "Houses Damaged" NULLABLE NON_REQUIRED #</Process><Process ToolSource="c:\program files (x86)\arcgis\desktop10.1\ArcToolbox\Toolboxes\Data Management Tools.tbx\AddField" Date="20120508" Time="161447">AddField C:\Data\arcgisserver\Python\HarvestedData\DataStore.gdb\Earthquakes1970 Date_ DATE # # 8 "Earthquake Date" NULLABLE NON_REQUIRED #</Process><Process ToolSource="c:\program files (x86)\arcgis\desktop10.1\ArcToolbox\Toolboxes\Data Management Tools.tbx\AddField" Date="20120508" Time="161448">AddField C:\Data\arcgisserver\Python\HarvestedData\DataStore.gdb\Earthquakes1970 YYYYMMDD TEXT # # 255 YYYYMMDD NULLABLE NON_REQUIRED #</Process><Process ToolSource="c:\program files (x86)\arcgis\desktop10.1\ArcToolbox\Toolboxes\Conversion Tools.tbx\FeatureClassToFeatureClass" Date="20120615" Time="154111">FeatureClassToFeatureClass C:\Data\arcgis_demos\Earthquakes\DataStore.gdb\Earthquakes1970 C:\Data\arcgis_demos\Earthquakes Earthquakes1970.shp ""OBJECTID" &lt; 1000" "Tsu "Tsunami" true true false 255 Text 0 0 ,First,#,C:\Data\arcgis_demos\Earthquakes\DataStore.gdb\Earthquakes1970,Tsu,-1,-1;Name "Name" true true false 255 Text 0 0 ,First,#,C:\Data\arcgis_demos\Earthquakes\DataStore.gdb\Earthquakes1970,Name,-1,-1;Latitude "Latitude" true true false 8 Double 0 0 ,First,#,C:\Data\arcgis_demos\Earthquakes\DataStore.gdb\Earthquakes1970,Latitude,-1,-1;Longitude "Longitude" true true false 8 Double 0 0 ,First,#,C:\Data\arcgis_demos\Earthquakes\DataStore.gdb\Earthquakes1970,Longitude,-1,-1;Focal "Focal" true true false 8 Double 0 0 ,First,#,C:\Data\arcgis_demos\Earthquakes\DataStore.gdb\Earthquakes1970,Focal,-1,-1;Magnitude "Magnitude" true true false 8 Double 0 0 ,First,#,C:\Data\arcgis_demos\Earthquakes\DataStore.gdb\Earthquakes1970,Magnitude,-1,-1;Num_Deaths "Number of Deaths" true true false 8 Double 0 0 ,First,#,C:\Data\arcgis_demos\Earthquakes\DataStore.gdb\Earthquakes1970,Num_Deaths,-1,-1;Num_Injure "Number of Injured People" true true false 8 Double 0 0 ,First,#,C:\Data\arcgis_demos\Earthquakes\DataStore.gdb\Earthquakes1970,Num_Injured,-1,-1;Mill_Damag "Damages (Million$)" true true false 8 Double 0 0 ,First,#,C:\Data\arcgis_demos\Earthquakes\DataStore.gdb\Earthquakes1970,Mill_Damages,-1,-1;Num_Houses "Houses Destroyed" true true false 8 Double 0 0 ,First,#,C:\Data\arcgis_demos\Earthquakes\DataStore.gdb\Earthquakes1970,Num_Houses_Dest,-1,-1;Num_Hous_1 "Houses Damaged" true true false 8 Double 0 0 ,First,#,C:\Data\arcgis_demos\Earthquakes\DataStore.gdb\Earthquakes1970,Num_Houses_Dam,-1,-1;Date_ "Earthquake Date" true true false 8 Date 0 0 ,First,#,C:\Data\arcgis_demos\Earthquakes\DataStore.gdb\Earthquakes1970,Date_,-1,-1;YYYYMMDD "YYYYMMDD" true true false 255 Text 0 0 ,First,#,C:\Data\arcgis_demos\Earthquakes\DataStore.gdb\Earthquakes1970,YYYYMMDD,-1,-1" #</Process></lineage><itemProps><itemName Sync="TRUE">Earthquakes1970</itemName><imsContentType Sync="TRUE">002</imsContentType><itemSize Sync="TRUE">0.000</itemSize><itemLocation><linkage Sync="TRUE">file://\\MUSIAL\C\Data\arcgis_demos\Earthquakes\Earthquakes1970.shp</linkage><protocol Sync="TRUE">Local Area Network</protocol></itemLocation></itemProps><coordRef><type Sync="TRUE">Geographic</type><geogcsn Sync="TRUE">GCS_WGS_1984</geogcsn><csUnits Sync="TRUE">Angular Unit: Degree (0.017453)</csUnits><peXml Sync="TRUE">&lt;GeographicCoordinateSystem xsi:type='typens:GeographicCoordinateSystem' xmlns:xsi='http://www.w3.org/2001/XMLSchema-instance' xmlns:xs='http://www.w3.org/2001/XMLSchema' xmlns:typens='http://www.esri.com/schemas/ArcGIS/10.1'&gt;&lt;WKT&gt;GEOGCS[&amp;quot;GCS_WGS_1984&amp;quot;,DATUM[&amp;quot;D_WGS_1984&amp;quot;,SPHEROID[&amp;quot;WGS_1984&amp;quot;,6378137.0,298.257223563]],PRIMEM[&amp;quot;Greenwich&amp;quot;,0.0],UNIT[&amp;quot;Degree&amp;quot;,0.0174532925199433],AUTHORITY[&amp;quot;EPSG&amp;quot;,4326]]&lt;/WKT&gt;&lt;XOrigin&gt;-400&lt;/XOrigin&gt;&lt;YOrigin&gt;-400&lt;/YOrigin&gt;&lt;XYScale&gt;11258999068426.238&lt;/XYScale&gt;&lt;ZOrigin&gt;-100000&lt;/ZOrigin&gt;&lt;ZScale&gt;10000&lt;/ZScale&gt;&lt;MOrigin&gt;-100000&lt;/MOrigin&gt;&lt;MScale&gt;10000&lt;/MScale&gt;&lt;XYTolerance&gt;8.983152841195215e-009&lt;/XYTolerance&gt;&lt;ZTolerance&gt;0.001&lt;/ZTolerance&gt;&lt;MTolerance&gt;0.001&lt;/MTolerance&gt;&lt;HighPrecision&gt;true&lt;/HighPrecision&gt;&lt;LeftLongitude&gt;-180&lt;/LeftLongitude&gt;&lt;WKID&gt;4326&lt;/WKID&gt;&lt;LatestWKID&gt;4326&lt;/LatestWKID&gt;&lt;/GeographicCoordinateSystem&gt;</peXml></coordRef></DataProperties><SyncDate>20120615</SyncDate><SyncTime>15411000</SyncTime><ModDate>20120615</ModDate><ModTime>15411000</ModTime></Esri><dataIdInfo><envirDesc Sync="TRUE">Microsoft Windows 7 Version 6.1 (Build 7601) Service Pack 1; Esri ArcGIS 10.1.0.3035</envirDesc><dataLang><languageCode value="eng" Sync="TRUE"></languageCode><countryCode value="USA" Sync="TRUE"></countryCode></dataLang><idCitation><resTitle Sync="TRUE">Earthquakes1970</resTitle><presForm><PresFormCd value="005" Sync="TRUE"></PresFormCd></presForm></idCitation><spatRpType><SpatRepTypCd value="001" Sync="TRUE"></SpatRepTypCd></spatRpType></dataIdInfo><mdLang><languageCode value="eng" Sync="TRUE"></languageCode><countryCode value="USA" Sync="TRUE"></countryCode></mdLang><distInfo><distFormat><formatName Sync="TRUE">Shapefile</formatName></distFormat><distTranOps><transSize Sync="TRUE">0.000</transSize></distTranOps></distInfo><mdHrLv><ScopeCd value="005" Sync="TRUE"></ScopeCd></mdHrLv><mdHrLvName Sync="TRUE">dataset</mdHrLvName><refSysInfo><RefSystem><refSysID><identCode code="4326" Sync="TRUE"></identCode><idCodeSpace Sync="TRUE">EPSG</idCodeSpace><idVersion Sync="TRUE">7.9.4</idVersion></refSysID></RefSystem></refSysInfo><spatRepInfo><VectSpatRep><geometObjs Name="Earthquakes1970"><geoObjTyp><GeoObjTypCd value="004" Sync="TRUE"></GeoObjTypCd></geoObjTyp><geoObjCnt Sync="TRUE">0</geoObjCnt></geometObjs><topLvl><TopoLevCd value="001" Sync="TRUE"></TopoLevCd></topLvl></VectSpatRep></spatRepInfo><spdoinfo><ptvctinf><esriterm Name="Earthquakes1970"><efeatyp Sync="TRUE">Simple</efeatyp><efeageom code="1" Sync="TRUE"></efeageom><esritopo Sync="TRUE">FALSE</esritopo><efeacnt Sync="TRUE">0</efeacnt><spindex Sync="TRUE">FALSE</spindex><linrefer Sync="TRUE">FALSE</linrefer></esriterm></ptvctinf></spdoinfo><eainfo><detailed Name="Earthquakes1970"><enttyp><enttypl Sync="TRUE">Earthquakes1970</enttypl><enttypt Sync="TRUE">Feature Class</enttypt><enttypc Sync="TRUE">0</enttypc></enttyp><attr><attrlabl Sync="TRUE">FID</attrlabl><attalias Sync="TRUE">FID</attalias><attrtype Sync="TRUE">OID</attrtype><attwidth Sync="TRUE">4</attwidth><atprecis Sync="TRUE">0</atprecis><attscale Sync="TRUE">0</attscale><attrdef Sync="TRUE">Internal feature number.</attrdef><attrdefs Sync="TRUE">Esri</attrdefs><attrdomv><udom Sync="TRUE">Sequential unique whole numbers that are automatically generated.</udom></attrdomv></attr><attr><attrlabl Sync="TRUE">Shape</attrlabl><attalias Sync="TRUE">Shape</attalias><attrtype Sync="TRUE">Geometry</attrtype><attwidth Sync="TRUE">0</attwidth><atprecis Sync="TRUE">0</atprecis><attscale Sync="TRUE">0</attscale><attrdef Sync="TRUE">Feature geometry.</attrdef><attrdefs Sync="TRUE">Esri</attrdefs><attrdomv><udom Sync="TRUE">Coordinates defining the features.</udom></attrdomv></attr><attr><attrlabl Sync="TRUE">Tsu</attrlabl><attalias Sync="TRUE">Tsu</attalias><attrtype Sync="TRUE">String</attrtype><attwidth Sync="TRUE">254</attwidth><atprecis Sync="TRUE">0</atprecis><attscale Sync="TRUE">0</attscale></attr><attr><attrlabl Sync="TRUE">Name</attrlabl><attalias Sync="TRUE">Name</attalias><attrtype Sync="TRUE">String</attrtype><attwidth Sync="TRUE">254</attwidth><atprecis Sync="TRUE">0</atprecis><attscale Sync="TRUE">0</attscale></attr><attr><attrlabl Sync="TRUE">Latitude</attrlabl><attalias Sync="TRUE">Latitude</attalias><attrtype Sync="TRUE">Double</attrtype><attwidth Sync="TRUE">19</attwidth><atprecis Sync="TRUE">0</atprecis><attscale Sync="TRUE">0</attscale></attr><attr><attrlabl Sync="TRUE">Longitude</attrlabl><attalias Sync="TRUE">Longitude</attalias><attrtype Sync="TRUE">Double</attrtype><attwidth Sync="TRUE">19</attwidth><atprecis Sync="TRUE">0</atprecis><attscale Sync="TRUE">0</attscale></attr><attr><attrlabl Sync="TRUE">Focal</attrlabl><attalias Sync="TRUE">Focal</attalias><attrtype Sync="TRUE">Double</attrtype><attwidth Sync="TRUE">19</attwidth><atprecis Sync="TRUE">0</atprecis><attscale Sync="TRUE">0</attscale></attr><attr><attrlabl Sync="TRUE">Magnitude</attrlabl><attalias Sync="TRUE">Magnitude</attalias><attrtype Sync="TRUE">Double</attrtype><attwidth Sync="TRUE">19</attwidth><atprecis Sync="TRUE">0</atprecis><attscale Sync="TRUE">0</attscale></attr><attr><attrlabl Sync="TRUE">Num_Deaths</attrlabl><attalias Sync="TRUE">Num_Deaths</attalias><attrtype Sync="TRUE">Double</attrtype><attwidth Sync="TRUE">19</attwidth><atprecis Sync="TRUE">0</atprecis><attscale Sync="TRUE">0</attscale></attr><attr><attrlabl Sync="TRUE">Num_Injure</attrlabl><attalias Sync="TRUE">Num_Injure</attalias><attrtype Sync="TRUE">Double</attrtype><attwidth Sync="TRUE">19</attwidth><atprecis Sync="TRUE">0</atprecis><attscale Sync="TRUE">0</attscale></attr><attr><attrlabl Sync="TRUE">Mill_Damag</attrlabl><attalias Sync="TRUE">Mill_Damag</attalias><attrtype Sync="TRUE">Double</attrtype><attwidth Sync="TRUE">19</attwidth><atprecis Sync="TRUE">0</atprecis><attscale Sync="TRUE">0</attscale></attr><attr><attrlabl Sync="TRUE">Num_Houses</attrlabl><attalias Sync="TRUE">Num_Houses</attalias><attrtype Sync="TRUE">Double</attrtype><attwidth Sync="TRUE">19</attwidth><atprecis Sync="TRUE">0</atprecis><attscale Sync="TRUE">0</attscale></attr><attr><attrlabl Sync="TRUE">Num_Hous_1</attrlabl><attalias Sync="TRUE">Num_Hous_1</attalias><attrtype Sync="TRUE">Double</attrtype><attwidth Sync="TRUE">19</attwidth><atprecis Sync="TRUE">0</atprecis><attscale Sync="TRUE">0</attscale></attr><attr><attrlabl Sync="TRUE">Date_</attrlabl><attalias Sync="TRUE">Date_</attalias><attrtype Sync="TRUE">Date</attrtype><attwidth Sync="TRUE">8</attwidth><atprecis Sync="TRUE">0</atprecis><attscale Sync="TRUE">0</attscale></attr><attr><attrlabl Sync="TRUE">YYYYMMDD</attrlabl><attalias Sync="TRUE">YYYYMMDD</attalias><attrtype Sync="TRUE">String</attrtype><attwidth Sync="TRUE">254</attwidth><atprecis Sync="TRUE">0</atprecis><attscale Sync="TRUE">0</attscale></attr></detailed></eainfo><mdDateSt Sync="TRUE">20120615</mdDateSt></metadata>
